region_idx,msa_start,msa_end,aln_length,enhancer_id,species,model_start,model_end,region_bp_model,pattern,revcomp,n_occurrences,n_fwd,n_rc,occurrences,wt_chodl,ko_chodl,wt_other_mean,ko_other_mean,wt_spec,ko_spec,dspec
0,100,106,6,AiE1255q,macaque,894,900,6,TGATTT,AAATCA,1,1,0,894-900:fwd,799.1979370117188,701.762939453125,18.480098724365234,18.415258407592773,780.7178344726562,683.34765625,-97.37017822265625
0,100,106,6,AiE1443h,human,1210,1216,6,AAATCA,TGATTT,1,1,0,1210-1216:fwd,740.1239624023438,570.829345703125,15.219497680664062,16.058860778808594,724.9044799804688,554.7705078125,-170.13397216796875
0,100,106,6,AiE1438m,mouse,1204,1210,6,AAATCA,TGATTT,2,1,1,1006-1012:rc;1204-1210:fwd,144.3700714111328,64.36217498779297,21.874614715576172,22.711091995239258,122.49545288085938,41.651084899902344,-80.84436798095703
1,195,200,5,AiE1255q,macaque,988,993,5,GGCCA,TGGCC,2,1,1,911-916:rc;988-993:fwd,799.1979370117188,597.863525390625,18.480098724365234,19.049137115478516,780.7178344726562,578.8143920898438,-201.9034423828125
1,195,200,5,AiE1443h,human,1123,1128,5,TGGCC,GGCCA,1,1,0,1123-1128:fwd,740.1239624023438,520.1829833984375,15.219497680664062,16.1307315826416,724.9044799804688,504.05224609375,-220.85223388671875
1,195,200,5,AiE1438m,mouse,1122,1127,5,TGGCC,GGCCA,1,1,0,1122-1127:fwd,144.3700714111328,63.27766799926758,21.874614715576172,22.052122116088867,122.49545288085938,41.225547790527344,-81.26990509033203
2,215,222,7,AiE1255q,macaque,1008,1015,7,GTGATCA,TGATCAC,1,1,0,1008-1015:fwd,799.1979370117188,794.329833984375,18.480098724365234,19.111125946044922,780.7178344726562,775.2186889648438,-5.4991455078125
2,215,222,7,AiE1443h,human,1101,1108,7,TGATCAC,GTGATCA,1,1,0,1101-1108:fwd,740.1239624023438,733.7782592773438,15.219497680664062,15.433509826660156,724.9044799804688,718.3447265625,-6.55975341796875
2,215,222,7,AiE1438m,mouse,1101,1108,7,TGATCAC,GTGATCA,1,1,0,1101-1108:fwd,144.3700714111328,121.34166717529297,21.874614715576172,21.756555557250977,122.49545288085938,99.58511352539062,-22.91033935546875
3,345,350,5,AiE1255q,macaque,1126,1131,5,AATGA,TCATT,1,1,0,1126-1131:fwd,799.1979370117188,611.052734375,18.480098724365234,18.80421257019043,780.7178344726562,592.24853515625,-188.46929931640625
3,345,350,5,AiE1443h,human,986,991,5,TCATT,AATGA,2,2,0,828-833:fwd;986-991:fwd,740.1239624023438,492.55810546875,15.219497680664062,16.6795654296875,724.9044799804688,475.8785400390625,-249.02593994140625
3,345,350,5,AiE1438m,mouse,973,978,5,TCATT,AATGA,2,1,1,914-919:rc;973-978:fwd,144.3700714111328,82.8134994506836,21.874614715576172,21.911849975585938,122.49545288085938,60.901649475097656,-61.59380340576172
4,435,441,6,AiE1255q,macaque,1216,1222,6,CACCTG,CAGGTG,2,1,1,1058-1064:rc;1216-1222:fwd,799.1979370117188,276.9714660644531,18.480098724365234,19.1044921875,780.7178344726562,257.8669738769531,-522.8508605957031
4,435,441,6,AiE1443h,human,895,901,6,CAGGTG,CACCTG,2,1,1,895-901:fwd;1052-1058:rc,740.1239624023438,315.2309265136719,15.219497680664062,16.6124210357666,724.9044799804688,298.6184997558594,-426.2859802246094
4,435,441,6,AiE1438m,mouse,886,892,6,CAGGTG,CACCTG,1,1,0,886-892:fwd,144.3700714111328,105.78179168701172,21.874614715576172,20.750015258789062,122.49545288085938,85.03177642822266,-37.46367645263672
